{
	"pattrstorage" : 	{
		"name" : "draw.json",
		"slots" : 		{
			"1" : 			{
				"id" : 1,
				"data" : 				{
					"brush" : [ 3 ],
					"color" : [ 1.0, 0.111111, 0.111111, 1.0, 1.0, 1.0, 0.555556 ],
					"composite" : [ 0 ],
					"drawmode" : [ 0 ],
					"pressure" : [ 94 ],
					"size" : [ 30 ]
				}

			}
,
			"2" : 			{
				"id" : 2,
				"data" : 				{
					"brush" : [ 2 ],
					"color" : [ 0.167593, 0.138889, 1.0, 1.0, 0.672222, 1.0, 0.569444 ],
					"composite" : [ 0 ],
					"drawmode" : [  ],
					"pressure" : [ 127 ],
					"size" : [ 7 ]
				}

			}
,
			"3" : 			{
				"id" : 3,
				"data" : 				{
					"brush" : [ 0 ],
					"color" : [ 0.985185, 1.0, 0.555556, 1.0, 0.172222, 1.0, 0.777778 ],
					"composite" : [ 0 ],
					"drawmode" : [  ],
					"pressure" : [ 127 ],
					"size" : [ 127 ]
				}

			}
,
			"4" : 			{
				"id" : 4,
				"data" : 				{
					"brush" : [ 0 ],
					"color" : [ 0.985185, 1.0, 0.555556, 1.0, 0.172222, 1.0, 0.777778 ],
					"composite" : [ 1 ],
					"drawmode" : [  ],
					"pressure" : [ 127 ],
					"size" : [ 127 ]
				}

			}

		}

	}

}
